,date,open,high,low,close,vwap,volume,volume_ma,rsi,date2,time_of_day
1631,2009-12-04 14:30:00,4.3366233,4.389956099999999,4.30829025,4.34178992,4.346678756666667,28601930,9796206.85,60.54693955282526,2009-12-04,9.5
1632,2009-12-04 15:30:00,4.34495655,4.35162315,4.253290799999999,4.25412413,4.326678873904444,14182863,10214206.85,51.216574761500674,2009-12-04,10.5
1633,2009-12-04 16:30:00,4.25495745,4.25495745,4.1199588,4.19579138,4.2734820125517885,27340809,11384843.8,46.12333507874155,2009-12-04,11.5
1634,2009-12-04 17:30:00,4.1966247,4.239957599999999,4.19495805,4.19745803,4.266992535759703,8097293,11532545.35,46.287686732874434,2009-12-04,12.5
1635,2009-12-04 18:30:00,4.1966247,4.209957900000001,4.12912538,4.15245848,4.25371240738441,11559654,11724854.4,42.516489700752274,2009-12-04,13.5
1636,2009-12-04 19:30:00,4.15412513,4.25162415,4.15412513,4.23579098,4.2475823290619585,16314352,12129472.0,50.551044105313075,2009-12-04,14.5
1637,2009-12-04 20:30:00,4.23245768,4.24912418,4.20162465,4.23495765,4.245874830369481,10468062,11756472.35,50.47506700611984,2009-12-04,15.5
2371,2010-05-10 13:30:00,4.73578598,4.82245178,4.67920321,4.6866198,4.72942493,21705172,12408067.2,51.93222411104696,2010-05-10,8.5
2372,2010-05-10 14:30:00,4.68495315,4.7599524,4.66745333,4.75828575,4.7291568149511525,9813825,12495064.55,54.35873217165707,2010-05-10,9.5
2373,2010-05-10 15:30:00,4.7599524,4.79578538,4.7366193,4.74411923,4.734132321233617,6346800,12568649.15,53.7807827548955,2010-05-10,10.5
2374,2010-05-10 16:30:00,4.74161925,4.7632857,4.639953599999999,4.6932864,4.72687253157878,9807047,12768088.6,51.65838335268736,2010-05-10,11.5
2375,2010-05-10 17:30:00,4.69495305,4.72161945,4.63162035,4.6832864999999995,4.719487839159785,8661407,12754970.8,51.230070603473884,2010-05-10,12.5
2376,2010-05-10 18:30:00,4.68161985,4.72161945,4.65578678,4.699953,4.716296264464129,7540727,12793789.5,51.94520935758794,2010-05-10,13.5
2377,2010-05-10 19:30:00,4.69745303,4.78211885,4.67495325,4.7732856,4.719336136695187,8051431,12482380.0,55.06724995642827,2010-05-10,14.5
2462,2010-05-27 13:30:00,3.94412723,3.99746003,3.89829435,3.99746003,3.9644048033333332,18366191,10382358.15,57.346941965351135,2010-05-27,8.5
2463,2010-05-27 14:30:00,3.99579338,4.02099312,3.96162705,4.00829325,3.9752023514988184,9109824,10412051.75,57.802026114426795,2010-05-27,9.5
2464,2010-05-27 15:30:00,4.00579328,4.01245988,3.96162705,3.99221008,3.977765825505785,6403186,10449339.65,56.832549259248076,2010-05-27,10.5
2465,2010-05-27 16:30:00,3.99496005,4.006626600000001,3.94746886,3.99579338,3.9783863639657735,4281814,10325864.25,57.0055718302868,2010-05-27,11.5
2466,2010-05-27 17:30:00,3.99496005,4.05162615,3.98829345,4.03862628,3.9845259732632914,5624491,10074021.05,59.11511368563344,2010-05-27,12.5
2467,2010-05-27 18:30:00,4.03829295,4.05829275,4.00579328,4.02237644,3.9896686037078193,5751211,9996001.65,57.953368328456314,2010-05-27,13.5
2468,2010-05-27 19:30:00,4.02245978,4.1132922,4.01829315,4.10245898,4.000334532136122,6801666,9288284.1,61.924642238845294,2010-05-27,14.5
2525,2010-06-10 13:30:00,3.74162925,3.8399616,3.73017103,3.77471225,3.7816149600000006,18162736,10616088.2,55.787218360468934,2010-06-10,8.5
2526,2010-06-10 14:30:00,3.77579558,3.81746183,3.77246228,3.7999620000000003,3.785119974799564,5531511,10677001.75,57.20767317752394,2010-06-10,9.5
2527,2010-06-10 15:30:00,3.7999620000000003,3.80579528,3.7366292999999997,3.77579558,3.7825299789336246,6268485,10806575.8,55.37398582443061,2010-06-10,10.5
2528,2010-06-10 16:30:00,3.77412893,3.78829545,3.72496275,3.76829565,3.779131966978509,5469734,10798164.8,54.787066207994535,2010-06-10,11.5
2529,2010-06-10 17:30:00,3.76762899,3.8032953000000003,3.75746243,3.7932954,3.7796673062189807,3780770,10385948.9,56.44428969447768,2010-06-10,12.5
2530,2010-06-10 18:30:00,3.79579538,3.87496125,3.79579538,3.85412813,3.7914762166281912,9233236,10490028.9,60.26126021565867,2010-06-10,13.5
2531,2010-06-10 19:30:00,3.85746143,3.8832945,3.8332949999999997,3.87496125,3.8005155794191214,6914463,9918129.0,61.50541673520315,2010-06-10,14.5
2574,2010-06-21 13:30:00,4.35912308,4.369956299999999,4.30412363,4.31912348,4.331067803333334,11556911,6923742.3,67.96937048466596,2010-06-21,8.5
2575,2010-06-21 14:30:00,4.31829015,4.33162335,4.28745713,4.31079023,4.322354249257772,8122849,7057515.8,66.79413597659084,2010-06-21,9.5
2576,2010-06-21 15:30:00,4.3099569,4.32162345,4.25745743,4.25754076,4.31279326601673,5547207,7146106.2,59.691649294362875,2010-06-21,10.5
2577,2010-06-21 16:30:00,4.25829075,4.2799572,4.24412423,4.2699573,4.304394727751607,5334731,7239903.0,60.739966569513925,2010-06-21,11.5
2578,2010-06-21 17:30:00,4.27079063,4.27745723,4.22245778,4.24912418,4.294339215432622,6881260,7109385.55,58.01370978752362,2010-06-21,12.5
2579,2010-06-21 18:30:00,4.25162415,4.26070739,4.11495885,4.13079203,4.2671240309393665,10365913,7224504.9,45.51692595656304,2010-06-21,13.5
2580,2010-06-21 19:30:00,4.13079203,4.15495845,4.09162575,4.15495845,4.250995684365373,6582077,6750979.25,47.98137983269865,2010-06-21,14.5
2644,2010-07-06 13:30:00,3.31163355,3.37830788,3.29163375,3.3532498,3.34106381,16090764,11453975.05,53.80640526798681,2010-07-06,8.5
2645,2010-07-06 14:30:00,3.35079983,3.36330803,3.30838358,3.3133002,3.3372244531976603,6946169,11541138.6,50.2110223806516,2010-07-06,9.5
2646,2010-07-06 15:30:00,3.31163355,3.34579988,3.28746713,3.29746703,3.3333248902102204,3892251,11559741.05,48.818707176379405,2010-07-06,10.5
2647,2010-07-06 16:30:00,3.29912534,3.3066336000000005,3.2366342999999995,3.2633007000000003,3.319681184433746,7229001,11570134.4,45.86328965675057,2010-07-06,11.5
2648,2010-07-06 17:30:00,3.26246738,3.26913398,3.1599684,3.2033012999999997,3.2940820027834667,10499681,11665696.3,41.15183481892357,2010-07-06,12.5
2649,2010-07-06 18:30:00,3.20163465,3.22413443,3.13580198,3.17080163,3.2701276482280046,11476165,11319891.0,38.82524025428075,2010-07-06,13.5
2650,2010-07-06 19:30:00,3.17080163,3.22496775,3.16412669,3.22496775,3.261085925374186,8999319,10458875.4,44.46112429814234,2010-07-06,14.5
2777,2010-08-02 13:30:00,4.133292,4.17412493,4.083292500000001,4.16912498,4.142180803333333,12151270,6051106.55,66.17033692865196,2010-08-02,8.5
2778,2010-08-02 14:30:00,4.166625,4.18162485,4.1599584,4.17412493,4.150273237128143,4546263,6147467.7,66.45617125977034,2010-08-02,9.5
2779,2010-08-02 15:30:00,4.17745823,4.20074133,4.16579168,4.16745833,4.154894486640453,3340030,6175735.65,65.65957510522458,2010-08-02,10.5
2780,2010-08-02 16:30:00,4.16745833,4.18579148,4.15495845,4.1732916,4.1566629657336716,2413205,6060833.45,66.04312596156565,2010-08-02,11.5
2781,2010-08-02 17:30:00,4.17004163,4.19912468,4.16245838,4.18745813,4.159987179248417,3241091,5861786.65,67.00690276551742,2010-08-02,12.5
2782,2010-08-02 18:30:00,4.18829145,4.22245778,4.18745813,4.21829115,4.1691200257585965,5824882,5927751.95,69.06486785720475,2010-08-02,13.5
2783,2010-08-02 19:30:00,4.21829115,4.22828272,4.20079133,4.20829125,4.1737262110343005,3748415,5683749.8,67.59229634754061,2010-08-02,14.5
3372,2010-12-01 14:30:00,5.12244878,5.19828135,5.12244878,5.1466152,5.155781776666666,7173957,2532137.8,61.270474691669065,2010-12-01,9.5
3373,2010-12-01 15:30:00,5.1466152,5.176614900000001,5.14078193,5.16744833,5.157335500049856,2604558,2615440.3,62.37310045360462,2010-12-01,10.5
3374,2010-12-01 16:30:00,5.16828165,5.25578078,5.166615,5.2266144,5.176007393720761,4527310,2795323.75,65.38699561339111,2010-12-01,11.5
3375,2010-12-01 17:30:00,5.22911438,5.2499475,5.206614599999999,5.21578118,5.183565809620113,2666660,2927366.75,64.37031425701238,2010-12-01,12.5
3376,2010-12-01 18:30:00,5.21021456,5.240147599999999,5.2099479,5.22411443,5.187372585787808,1729214,3013407.45,64.82340872613338,2010-12-01,13.5
3377,2010-12-01 19:30:00,5.2266144,5.25078083,5.22083946,5.23161435,5.191105910346066,1612250,3093299.95,65.25169805999522,2010-12-01,14.5
3378,2010-12-01 20:30:00,5.23161435,5.24494755,5.21244788,5.2266144,5.194145214877488,1823503,2777709.5,64.68625454768285,2010-12-01,15.5
3883,2011-03-17 13:30:00,6.1999379999999995,6.24743753,6.11827215,6.233271,6.1996602266666665,6796638,4191001.45,47.9427266720576,2011-03-17,8.5
3884,2011-03-17 14:30:00,6.23213768,6.2466042,6.16335503,6.17330493,6.1984742646830675,1988847,4204460.05,45.58163141107946,2011-03-17,9.5
3885,2011-03-17 15:30:00,6.16743833,6.20318797,6.14577188,6.19910468,6.196311962761952,1394390,4194373.95,46.795669617797664,2011-03-17,10.5
3886,2011-03-17 16:30:00,6.19160475,6.21493785,6.11243888,6.1132722,6.188389470454543,1943069,4189657.3,43.33214801126911,2011-03-17,11.5
3887,2011-03-17 17:30:00,6.11577218,6.14577188,6.06577268,6.10493895,6.171596919926734,3079693,4265226.0,42.999394985372334,2011-03-17,12.5
3888,2011-03-17 18:30:00,6.10077233,6.17493825,6.099939,6.12910538,6.166901449645683,2214090,4217604.65,44.33439568964193,2011-03-17,13.5
3889,2011-03-17 19:30:00,6.1263554000000005,6.21243788,6.11838882,6.15410513,6.166063923065059,3300235,3917220.2,45.74989754352804,2011-03-17,14.5
3890,2011-03-18 13:30:00,6.38493615,6.39493605,6.28600381,6.28985377,6.323597876666668,5723822,4023759.9,52.7725688634666,2011-03-18,8.5
3891,2011-03-18 14:30:00,6.2899370999999995,6.36410303,6.27077063,6.27110396,6.3167268772901775,2669165,4011694.25,51.77561938552598,2011-03-18,9.5
3892,2011-03-18 15:30:00,6.27077063,6.32827005,6.2499375,6.30910358,6.310863685209875,3260365,4074880.15,53.68525817766013,2011-03-18,10.5
3893,2011-03-18 16:30:00,6.313270200000001,6.31577018,6.27577058,6.30160365,6.310217385705576,602400,3954762.35,53.2371713454422,2011-03-18,11.5
3894,2011-03-18 17:30:00,6.2966037,6.31493685,6.22077113,6.25469579,6.3026191258771345,2378532,3944193.6,50.40355284457325,2011-03-18,12.5
3895,2011-03-18 18:30:00,6.25577078,6.27743723,6.19577138,6.20910458,6.28497231942765,4488576,3980185.3,47.74367069429126,2011-03-18,13.5
3896,2011-03-18 19:30:00,6.21243788,6.24577088,6.21243788,6.23743763,6.278358017937161,2721505,3876802.6,49.52630887273328,2011-03-18,14.5
4051,2011-04-20 13:30:00,6.99826335,7.09242908,6.99826335,7.06401269,7.051568373333335,5776949,2541100.6,70.04004696809555,2011-04-20,8.5
4052,2011-04-20 14:30:00,7.06492935,7.07576258,7.03284634,7.05909608,7.0527975660987,2287614,2582232.55,69.59033615603305,2011-04-20,9.5
4053,2011-04-20 15:30:00,7.056596099999999,7.07742923,7.04159625,7.04159625,7.052886170871884,1091920,2572048.8,67.91874785043295,2011-04-20,10.5
4054,2011-04-20 16:30:00,7.03909628,7.0532628,7.01126322,7.02826305,7.049869697354198,1458304,2609458.4,66.60600689423663,2011-04-20,11.5
4055,2011-04-20 17:30:00,7.02576308,7.04409623,7.01492985,7.02742973,7.047605018970798,1279599,2586265.3,66.519470211935,2011-04-20,12.5
4056,2011-04-20 18:30:00,7.02742973,7.05076283,7.01742983,7.05076283,7.046646879955583,1629220,2515123.4,67.78168981808311,2011-04-20,13.5
4057,2011-04-20 19:30:00,7.04826285,7.06409603,7.04076293,7.05576278,7.047331727521226,1491678,2180220.4,68.05957233858676,2011-04-20,14.5
4569,2011-08-05 13:30:00,5.2266144,5.26078073,4.82845172,5.04161625,5.043616233333334,11779553,7206315.15,19.561773627595926,2011-08-05,8.5
4570,2011-08-05 14:30:00,5.02411643,5.03494965,4.77078563,4.8532848,4.9682633811769215,10834797,7567253.4,16.705872111607675,2011-08-05,9.5
4571,2011-08-05 15:30:00,4.84828485,4.92161745,4.5799542,4.8166185,4.893230210478537,14081528,7966277.9,16.209692743533918,2011-08-05,10.5
4572,2011-08-05 16:30:00,4.81725183,5.15744843,4.80161865,5.1166155,4.92403260187625,11169738,8189156.3,33.58936840707533,2011-08-05,11.5
4573,2011-08-05 17:30:00,5.11828215,5.18744813,5.0199498,5.06993263,4.943879472708355,6394432,8151188.7,32.46103971935179,2011-08-05,12.5
4574,2011-08-05 18:30:00,5.06998263,5.10744893,4.85161815,4.8699513,4.9437594211022375,8647357,8195992.45,28.105502453004352,2011-08-05,13.5
4575,2011-08-05 19:30:00,4.86961797,5.02411643,4.86961797,4.9766169,4.944668355543672,4719502,8018138.95,33.25007946201448,2011-08-05,14.5
4583,2011-08-09 13:30:00,4.176624899999999,4.27079063,3.97162695,4.27079063,4.171069403333333,18695727,10122344.75,33.64855838048146,2011-08-09,8.5
4584,2011-08-09 14:30:00,4.27161562,4.30802359,4.166625,4.27745723,4.199589219596956,10431820,10126887.05,33.873188264951104,2011-08-09,9.5
4585,2011-08-09 15:30:00,4.28162385,4.32912338,4.24245758,4.29745703,4.2150036094220695,6012441,10246685.2,34.588633394159196,2011-08-09,10.5
4586,2011-08-09 16:30:00,4.29829035,4.3199568,4.21829115,4.23912428,4.219822058612864,4308182,10179259.95,33.451817978833205,2011-08-09,11.5
4587,2011-08-09 17:30:00,4.23829095,4.266624,3.96162705,4.09879235,4.2005314045419215,8315193,10284983.5,30.82690335636856,2011-08-09,12.5
4588,2011-08-09 18:30:00,4.11162555,4.24745752,3.78162885,4.2266244,4.16779001493161,18943432,10885063.65,35.771080389356115,2011-08-09,13.5
4589,2011-08-09 19:30:00,4.229957700000001,4.54745453,4.15912508,4.54407956,4.1973619154914985,8985999,10745385.95,46.0784227687196,2011-08-09,14.5
4646,2011-08-22 13:30:00,4.166625,4.17495825,4.01745983,4.06829265,4.086903576666667,8599102,6291129.55,39.90058176129092,2011-08-22,8.5
4647,2011-08-22 14:30:00,4.07162595,4.09079243,3.94829385,3.97496025,4.0487096589280105,7459736,6286634.8,36.6954122284477,2011-08-22,9.5
4648,2011-08-22 15:30:00,3.97609357,3.98579348,3.87992787,3.93412733,4.01310075284355,7164282,6374299.15,35.35723759690062,2011-08-22,10.5
4649,2011-08-22 16:30:00,3.93246068,4.03579298,3.90412763,3.99246008,4.007014458526603,4782488,6427034.6,38.79124527730062,2011-08-22,11.5
4650,2011-08-22 17:30:00,3.9932934,4.01079323,3.93246068,3.96686866,3.9998044043915306,6784203,6570096.4,37.8414804322455,2011-08-22,12.5
4651,2011-08-22 18:30:00,3.96246038,3.97079363,3.91335253,3.95829375,3.991818513880157,6266052,6751803.35,37.510082149529,2011-08-22,13.5
4652,2011-08-22 19:30:00,3.95412713,3.97412693,3.87829455,3.90912758,3.984592597818336,4629894,6201071.65,35.58575120136109,2011-08-22,14.5
4681,2011-08-29 13:30:00,4.64828685,4.76161905,4.64078693,4.73245268,4.711619553333333,7692321,6620277.85,69.63864390927169,2011-08-29,8.5
4682,2011-08-29 14:30:00,4.73411099,4.74828585,4.69078643,4.71411953,4.713393414793496,3146073,6458375.9,68.28368603791034,2011-08-29,9.5
4683,2011-08-29 15:30:00,4.71411953,4.78161885,4.7099529,4.7732856,4.723372606114644,3424919,6427320.35,70.29259613587507,2011-08-29,10.5
4684,2011-08-29 16:30:00,4.77028563,4.82411843,4.76078573,4.80578528,4.737308822675963,3335869,6409949.85,71.36549436446127,2011-08-29,11.5
4685,2011-08-29 17:30:00,4.80578528,4.833285,4.78161885,4.833285,4.749009522812411,3071025,6253832.25,72.27783057377697,2011-08-29,12.5
4686,2011-08-29 18:30:00,4.833285,4.85828475,4.81828515,4.85420146,4.762618456238039,3474034,6153946.9,72.98292636834273,2011-08-29,13.5
4687,2011-08-29 19:30:00,4.85411813,4.8832845,4.84745153,4.87411793,4.778427130058696,4247707,5785575.4,73.66965680502486,2011-08-29,14.5
4723,2011-09-07 13:30:00,4.54578788,4.59912068,4.5032883,4.55829608,4.5535683533333335,8914628,6092821.1,51.70362138695845,2011-09-07,8.5
4724,2011-09-07 14:30:00,4.55828775,4.63078703,4.54578788,4.62162045,4.572232136096713,6124521,6200272.4,54.316559891802385,2011-09-07,9.5
4725,2011-09-07 15:30:00,4.6266204,4.63162035,4.60412063,4.62412043,4.579001854502697,2486104,6141975.75,54.421399634374545,2011-09-07,10.5
4726,2011-09-07 16:30:00,4.62495375,4.6766199,4.62495375,4.66911998,4.5891047525643165,2611708,5868139.45,56.362651215309505,2011-09-07,11.5
4727,2011-09-07 17:30:00,4.6699532999999995,4.703286299999999,4.64162025,4.703286299999999,4.601444483505518,3056901,5762614.3,57.831194832849654,2011-09-07,12.5
4728,2011-09-07 18:30:00,4.7066196,4.72911938,4.68746146,4.69828635,4.614308587099291,3291535,5665815.9,57.526092513424175,2011-09-07,13.5
4729,2011-09-07 19:30:00,4.69911968,4.72828605,4.66412003,4.72411943,4.626189588770734,3967188,5329452.05,58.737347823238494,2011-09-07,14.5
4821,2011-09-27 13:30:00,4.466622,4.54162125,4.44245558,4.51162155,4.498566126666667,13445814,7623150.2,66.94298168785677,2011-09-27,8.5
4822,2011-09-27 14:30:00,4.51078823,4.56245438,4.48335517,4.523288099999999,4.507811813077131,8167527,7686562.25,67.31795443245962,2011-09-27,9.5
4823,2011-09-27 15:30:00,4.52745473,4.56745433,4.50162165,4.5432879,4.513280500642421,4889385,7619231.6,67.98832102855445,2011-09-27,10.5
4824,2011-09-27 16:30:00,4.54245458,4.55412113,4.5032883,4.54578788,4.516748613640092,5207473,7369392.3,68.07646845326678,2011-09-27,11.5
4825,2011-09-27 17:30:00,4.54912118,4.59828735,4.52078813,4.56578768,4.523936088430057,6047936,7221430.35,68.81624970634012,2011-09-27,12.5
4826,2011-09-27 18:30:00,4.56745433,4.58495415,4.40162265,4.42078913,4.512234543035014,10248254,7356548.0,58.27283622396504,2011-09-27,13.5
4827,2011-09-27 19:30:00,4.41578918,4.44828885,4.29829035,4.36912298,4.492454834416219,7876566,7245353.7,55.037101453983546,2011-09-27,14.5
4835,2011-09-29 13:30:00,4.30245698,4.35245648,4.2032913,4.20912457,4.25495745,7512765,6434421.85,46.78751331560361,2011-09-29,8.5
4836,2011-09-29 14:30:00,4.2032913,4.21372453,4.1232921000000005,4.19925801,4.221012584883853,6035347,6462202.05,46.245319045782566,2011-09-29,9.5
4837,2011-09-29 15:30:00,4.1999580000000005,4.24495755,4.18912478,4.22245778,4.22023996040013,7513045,6488276.05,47.777757626585064,2011-09-29,10.5
4838,2011-09-29 16:30:00,4.22079113,4.22079113,4.13829195,4.1399586,4.208838984752752,5650925,6328256.55,43.07509650938027,2011-09-29,11.5
4839,2011-09-29 17:30:00,4.14162525,4.14912518,3.9666269999999995,4.02862638,4.151202148980849,14936556,6719916.35,37.6845024643027,2011-09-29,12.5
4840,2011-09-29 18:30:00,4.03579298,4.05829275,3.95226048,4.03162635,4.121894026091364,11319635,7078486.45,37.90998497347064,2011-09-29,13.5
4841,2011-09-29 19:30:00,4.03829295,4.17912488,4.02495975,4.17579158,4.122526152160333,8167986,6814595.05,47.70310348201554,2011-09-29,14.5
4884,2011-10-10 13:30:00,4.3099569,4.44572221,4.2832905,4.43078903,4.38660058,7627919,7956854.95,66.7646202705406,2011-10-10,8.5
4885,2011-10-10 14:30:00,4.4299557,4.46245538,4.41495585,4.43603897,4.40844075236159,5671132,7841302.85,66.91543579187194,2011-10-10,9.5
4886,2011-10-10 15:30:00,4.43828895,4.45487212,4.42495575,4.44162225,4.41281459716667,2102297,7502372.7,67.08649218742485,2011-10-10,10.5
4887,2011-10-10 16:30:00,4.44578888,4.4732886,4.419955799999999,4.45495545,4.418218028184117,2668858,7059587.05,67.51839010790407,2011-10-10,11.5
4888,2011-10-10 17:30:00,4.45295547,4.46078873,4.42245578,4.44495555,4.421074027634141,2382738,6613187.95,66.81028744178683,2011-10-10,12.5
4889,2011-10-10 18:30:00,4.4499555,4.45495545,4.36245638,4.38245618,4.418307217237476,3083688,6275113.25,62.40515203375865,2011-10-10,13.5
4890,2011-10-10 19:30:00,4.38162285,4.50828825,4.36578968,4.50412163,4.424202163522591,3941940,5791083.3,66.97068792507139,2011-10-10,14.5
4912,2011-10-14 13:30:00,4.79161875,4.82745173,4.73495265,4.73495265,4.765785676666667,5885524,3893455.85,65.0906858492596,2011-10-14,8.5
4913,2011-10-14 14:30:00,4.73451932,4.77578558,4.7099529,4.71745283,4.755161528188245,3011337,3941510.05,63.49136738444921,2011-10-14,9.5
4914,2011-10-14 15:30:00,4.71909448,4.74578588,4.70411963,4.72495275,4.749347411812675,2120439,3940251.1,63.900743120511635,2011-10-14,10.5
4915,2011-10-14 16:30:00,4.72503608,4.77495225,4.72495275,4.75745243,4.74980927135366,1925104,3928223.85,65.69581079896781,2011-10-14,11.5
4916,2011-10-14 17:30:00,4.75911908,4.79411873,4.7499525,4.78578548,4.75291703794457,1696996,3846120.0,67.22588490817958,2011-10-14,12.5
4917,2011-10-14 18:30:00,4.78495215,4.82578508,4.7599524,4.82245178,4.7642972564245065,4334862,3868137.95,69.14395307048662,2011-10-14,13.5
4918,2011-10-14 19:30:00,4.82495175,4.866618,4.79245208,4.86411803,4.778047979287567,4140458,3686107.05,71.2061707168042,2011-10-14,14.5
4947,2011-10-21 13:30:00,4.89411773,5.00828325,4.8832845,5.00244998,4.964672576666667,6643442,3950992.45,67.98706139092647,2011-10-21,8.5
4948,2011-10-21 14:30:00,5.00411663,5.01828315,4.933284,4.96495035,4.967330911464437,3647665,3978491.55,64.96355585397015,2011-10-21,9.5
4949,2011-10-21 15:30:00,4.96658367,4.98828345,4.94078393,4.95494212,4.966200491587245,2391713,4002768.8,64.14367020955986,2011-10-21,10.5
4950,2011-10-21 16:30:00,4.95495045,4.95578378,4.86495135,4.866618,4.9499110243764735,3816907,4077639.95,57.27383269147124,2011-10-21,11.5
4951,2011-10-21 17:30:00,4.86745133,4.92828405,4.85411813,4.91245088,4.9436777454832255,2265691,3817372.75,59.68664801337344,2011-10-21,12.5
4952,2011-10-21 18:30:00,4.90911758,4.96828365,4.89161775,4.94745053,4.942745248849689,2513720,3562028.15,61.47575187679779,2011-10-21,13.5
4953,2011-10-21 19:30:00,4.9466171999999995,4.99995,4.9166175,4.99911668,4.9475625152127245,4212822,3528803.0,64.01461822963836,2011-10-21,14.5
4975,2011-10-27 13:30:00,5.46577868,5.51161155,5.34577988,5.35827975,5.405223726666668,9237517,3489533.65,70.5171617360988,2011-10-27,8.5
4976,2011-10-27 14:30:00,5.35577978,5.42244578,5.33744663,5.399946,5.400757561985554,2916718,3491707.0,71.87321593246756,2011-10-27,9.5
4977,2011-10-27 15:30:00,5.4066126,5.51744483,5.39494605,5.49498672,5.415785551830707,3424309,3557940.9,74.72849669907289,2011-10-27,10.5
4978,2011-10-27 16:30:00,5.49744503,5.54911118,5.48332017,5.53911128,5.434451986805398,3252912,3556801.4,75.94920936815149,2011-10-27,11.5
4979,2011-10-27 17:30:00,5.53827795,5.61077723,5.53494465,5.59911068,5.452795191161709,2681578,3493674.85,77.5380523793131,2011-10-27,12.5
4980,2011-10-27 18:30:00,5.60411063,5.686609799999999,5.58494415,5.64744353,5.490130985466767,5371365,3604226.95,78.75557434498009,2011-10-27,13.5
4981,2011-10-27 19:30:00,5.64577688,5.66161005,5.51244488,5.5799442,5.507597436571769,6092922,3565376.8,72.81925359093246,2011-10-27,14.5
5003,2011-11-02 13:30:00,4.94745053,4.9799502,4.89003443,4.94745053,4.939145053333334,4084456,3020401.95,43.0972150815131,2011-11-02,8.5
5004,2011-11-02 14:30:00,4.94461722,5.02828305,4.91578418,5.00251664,4.956785174138422,2835571,3065393.0,45.67447497775599,2011-11-02,9.5
5005,2011-11-02 15:30:00,5.0066166,5.0066166,4.95078383,4.97911688,4.9646597906719725,3843103,3166763.65,44.74700396543878,2011-11-02,10.5
5006,2011-11-02 16:30:00,4.97828355,5.0066166,4.833285,4.8699513,4.945752617467399,4791816,3314992.2,40.60452577646425,2011-11-02,11.5
5007,2011-11-02 17:30:00,4.866618,4.91578418,4.83495165,4.8766179,4.936011279404336,2515927,3352446.8,40.963957873571076,2011-11-02,12.5
5008,2011-11-02 18:30:00,4.87245128,5.00078333,4.866618,4.97495025,4.9378396571378484,3437814,3406238.4,46.14118263056353,2011-11-02,13.5
5009,2011-11-02 19:30:00,4.96828365,4.9899501,4.92078413,4.97411693,4.941034115482101,3338134,3401584.6,46.10428307556721,2011-11-02,14.5
5010,2011-11-03 13:30:00,5.14244858,5.15411513,4.92495075,5.02239144,5.033819106666667,7006471,3677974.95,48.66542210721798,2011-11-03,8.5
5011,2011-11-03 14:30:00,5.02161645,5.1371153,5.01411653,5.12551541,5.055653836620075,4180445,3830742.35,53.72434341506396,2011-11-03,9.5
5012,2011-11-03 15:30:00,5.1299487,5.14161525,5.0799492,5.13578198,5.064936573010353,1916709,3849033.55,54.208166287782475,2011-11-03,10.5
5013,2011-11-03 16:30:00,5.13744863,5.20161465,5.0932824,5.17647323,5.080791592553245,2721777,3856171.75,56.16440157239522,2011-11-03,11.5
5014,2011-11-03 17:30:00,5.16911498,5.24911418,5.16494835,5.199948,5.0949653277486755,2044623,3825178.45,57.29776363469443,2011-11-03,12.5
5015,2011-11-03 18:30:00,5.20078133,5.25411413,5.17744823,5.2532808,5.112691932757175,2740525,3799144.15,59.838333703057565,2011-11-03,13.5
5016,2011-11-03 19:30:00,5.25078083,5.2799472000000005,5.2266144,5.25161415,5.1360553391815635,4127308,3647835.45,59.718762647598346,2011-11-03,14.5
5045,2011-11-10 14:30:00,5.03411633,5.04744953,4.8766179,4.88245118,4.9355062033333335,6409762,3766829.95,39.07390750420956,2011-11-10,9.5
5046,2011-11-10 15:30:00,4.87495125,4.91578418,4.8132852,4.89161775,4.915437173913684,3071960,3850382.65,39.657629930825955,2011-11-10,10.5
5047,2011-11-10 16:30:00,4.8899511,4.98411683,4.88078453,4.9266174000000005,4.918502697497543,2421486,3912416.85,41.944735377811625,2011-11-10,11.5
5048,2011-11-10 17:30:00,4.92943404,5.03744963,4.8899511,4.99503338,4.929384222774635,2893737,3971662.2,46.23461511724535,2011-11-10,12.5
5049,2011-11-10 18:30:00,4.99578338,5.02244978,4.93578398,4.9466171999999995,4.934502219241216,2241785,3995093.4,43.769738888687776,2011-11-10,13.5
5050,2011-11-10 19:30:00,4.94245058,4.98078353,4.89578438,4.9632837,4.936103806576876,2595642,4002310.45,44.85951435276616,2011-11-10,14.5
5051,2011-11-10 20:30:00,4.96495035,4.99161675,4.92411743,4.95828375,4.938130536662904,2002148,3825442.05,44.58037786554977,2011-11-10,15.5
5052,2011-11-11 14:30:00,5.14078193,5.22244778,5.13411533,5.21443119,5.190331433333333,5468115,3945774.85,58.7436083873861,2011-11-11,9.5
5053,2011-11-11 15:30:00,5.22078113,5.28578048,5.22078113,5.26244738,5.221955869090662,5029777,4082812.8,60.767676634112256,2011-11-11,10.5
5054,2011-11-11 16:30:00,5.26494735,5.27744723,5.23161435,5.24578088,5.228638483094588,3053376,4156611.5,59.673328337855004,2011-11-11,11.5
5055,2011-11-11 17:30:00,5.24494755,5.2799472000000005,5.22828105,5.2499475,5.232039715478709,2228176,4134271.95,59.86790865060296,2011-11-11,12.5
5056,2011-11-11 18:30:00,5.25161415,5.27078063,5.23828095,5.259947400000001,5.2345247796026975,1797806,4129785.55,60.362233158629245,2011-11-11,13.5
5057,2011-11-11 19:30:00,5.26078073,5.2732806,5.20828125,5.2432809,5.235453347309157,2649233,4080109.45,59.05659690364705,2011-11-11,14.5
5058,2011-11-11 20:30:00,5.24494755,5.25161415,5.20828125,5.24244758,5.235313821506195,2352754,3788511.5,58.987894508281386,2011-11-11,15.5
5121,2011-11-28 14:30:00,4.38745613,4.439955599999999,4.3566231,4.4232891,4.4066225999999995,6418582,4154186.7,57.847110929753505,2011-11-28,9.5
5122,2011-11-28 15:30:00,4.42413076,4.44745553,4.4066225999999995,4.42828905,4.413661126234898,3275003,4036125.8,58.073925857152396,2011-11-28,10.5
5123,2011-11-28 16:30:00,4.4299557,4.44245558,4.39745603,4.39828935,4.41350748900891,1924563,3790448.55,56.12265121652896,2011-11-28,11.5
5124,2011-11-28 17:30:00,4.39578938,4.41495585,4.36495635,4.40912258,4.4104880217210525,2480406,3731065.6,56.688584617325546,2011-11-28,12.5
5125,2011-11-28 18:30:00,4.41245588,4.42245578,4.37162295,4.39078943,4.407922307889251,2789769,3752018.45,55.38663628351753,2011-11-28,13.5
5126,2011-11-28 19:30:00,4.39162275,4.39412273,4.3066236,4.32745673,4.393059410684758,4987762,3822921.6,51.02678258043184,2011-11-28,14.5
5127,2011-11-28 20:30:00,4.32495675,4.3999559999999995,4.31245688,4.39578938,4.389625927903875,3713746,3839538.15,55.13072208174146,2011-11-28,15.5
5135,2011-11-30 14:30:00,4.8132852,4.88828445,4.786618799999999,4.87411793,4.8496737266666665,11659957,3893272.15,72.84193435329621,2011-11-30,9.5
5136,2011-11-30 15:30:00,4.86913464,4.9266174000000005,4.866618,4.88745113,4.867025363730477,7624101,4120801.25,73.1954217816892,2011-11-30,10.5
5137,2011-11-30 16:30:00,4.8866178,4.91245088,4.87161795,4.88578448,4.871117804582521,4190390,4129877.4,73.06739716842709,2011-11-30,11.5
5138,2011-11-30 17:30:00,4.88495115,4.899951000000001,4.86411803,4.86495135,4.871534990670555,2038072,4110838.45,71.38657827484498,2011-11-30,12.5
5139,2011-11-30 18:30:00,4.8632847,4.88245118,4.8499514999999995,4.87261794,4.871176964878687,3219922,4270567.95,71.64507685173048,2011-11-30,13.5
5140,2011-11-30 19:30:00,4.87245128,4.91911748,4.8532848,4.91245088,4.875577009995442,6525434,4596299.65,73.00942529536422,2011-11-30,14.5
5141,2011-11-30 20:30:00,4.91161755,5.00161665,4.90411763,4.98911678,4.893050033884499,8568275,4703784.3,75.45716950974182,2011-11-30,15.5
5156,2011-12-05 14:30:00,5.20078133,5.23411433,5.1566151,5.22466442,5.205131283333333,5417370,3933388.2,70.15089673801128,2011-12-05,9.5
5157,2011-12-05 15:30:00,5.22744773,5.24161425,5.193281400000001,5.20986457,5.208869546530626,3347073,3891222.35,68.9082346512035,2011-12-05,10.5
5158,2011-12-05 16:30:00,5.21078123,5.2266144,5.1966147000000005,5.2099479,5.209182402220224,1461158,3862376.65,68.91157388870229,2011-12-05,11.5
5159,2011-12-05 17:30:00,5.20953124,5.24828085,5.20953124,5.21935614,5.211526057467756,1688090,3785785.05,69.31230939455779,2011-12-05,12.5
5160,2011-12-05 18:30:00,5.2199478,5.233281,5.09078243,5.1232821,5.193960005775566,4666681,3692847.4,60.70676191347757,2011-12-05,13.5
5161,2011-12-05 19:30:00,5.1232821,5.15494845,5.04161625,5.05244948,5.1709582551679185,4336126,3481239.95,55.25939992144588,2011-12-05,14.5
5162,2011-12-05 20:30:00,5.0532828,5.13236534,5.04244958,5.13161535,5.160199290301219,3876264,3380562.6,59.62053097867076,2011-12-05,15.5
5233,2011-12-20 14:30:00,4.68745313,4.8099519,4.6766199,4.80745193,4.764674576666667,7254067,3251592.7,61.1076492563865,2011-12-20,9.5
5234,2011-12-20 15:30:00,4.80911858,4.84411823,4.79911868,4.82411843,4.785851824636342,4197305,3340912.45,61.95653705491194,2011-12-20,10.5
5235,2011-12-20 16:30:00,4.82745173,4.84495155,4.80411863,4.82828505,4.795113293402621,3457788,3401263.3,62.178789065343246,2011-12-20,11.5
5236,2011-12-20 17:30:00,4.82660173,4.87495125,4.81911848,4.85161815,4.803853697745977,2914677,3377309.8,63.46596103922367,2011-12-20,12.5
5237,2011-12-20 18:30:00,4.8532848,4.85578478,4.833285,4.8532848,4.80692718268038,1351812,3301048.15,63.56135480961811,2011-12-20,13.5
5238,2011-12-20 19:30:00,4.85411813,4.89078443,4.85411813,4.88245118,4.817232492847832,3374961,3312324.65,65.27036762553914,2011-12-20,14.5
5239,2011-12-20 20:30:00,4.88078453,4.89911768,4.85828475,4.8766179,4.832051189457406,7271600,3405754.8,64.61761444626022,2011-12-20,15.5
5289,2012-01-03 14:30:00,5.33328,5.40077933,5.33328,5.37494625,5.3696685266666675,6709642,2318138.4,74.4691999207369,2012-01-03,9.5
5290,2012-01-03 15:30:00,5.37744623,5.39244608,5.36827965,5.37577958,5.3726266993774745,3197002,2368104.4,74.50722936247786,2012-01-03,10.5
5291,2012-01-03 16:30:00,5.373279599999999,5.37911288,5.32494675,5.33911328,5.367529868736462,2549409,2431105.45,69.5951090116197,2012-01-03,11.5
5292,2012-01-03 17:30:00,5.340446599999999,5.340446599999999,5.27744723,5.2932804,5.353759972077727,3427956,2496505.7,63.92206533376813,2012-01-03,12.5
5293,2012-01-03 18:30:00,5.28911378,5.3266134,5.2799472000000005,5.32494675,5.348917336307301,2002361,2536987.3,65.98512518725605,2012-01-03,13.5
5294,2012-01-03 19:30:00,5.32744673,5.35577978,5.30911358,5.31828015,5.346468512459143,2336777,2538719.8,65.14059926708146,2012-01-03,14.5
5295,2012-01-03 20:30:00,5.3199468,5.3466132,5.28578048,5.2966137,5.342378650010942,2528618,2405405.85,62.34769909019732,2012-01-03,15.5
6157,2012-06-29 13:30:00,6.22493775,6.2766039000000005,6.18035486,6.26577068,6.2409098133333325,1481606,1118390.25,70.89809767082586,2012-06-29,8.5
6158,2012-06-29 14:30:00,6.266604,6.266604,6.23577098,6.25585411,6.242800722959224,281784,1090327.05,70.13698720652725,2012-06-29,9.5
6159,2012-06-29 15:30:00,6.25827075,6.27076229,6.24577088,6.25425412,6.246980893272193,740965,1085280.5,70.00640279302411,2012-06-29,10.5
6160,2012-06-29 16:30:00,6.24764586,6.28443716,6.24175425,6.28226218,6.250179546873045,414948,1053899.25,71.02345055297572,2012-06-29,11.5
6161,2012-06-29 17:30:00,6.28077053,6.30910358,6.27160395,6.30910358,6.2537772958800755,245244,1001484.35,72.00322829239128,2012-06-29,12.5
6162,2012-06-29 18:30:00,6.30577028,6.3099369,6.28410383,6.29077043,6.258746687139803,434532,960946.9,70.25587721613554,2012-06-29,13.5
6163,2012-06-29 19:30:00,6.28910378,6.35076983,6.27493725,6.3499365,6.277107230884017,1373618,894417.0,72.56944934457336,2012-06-29,14.5
6281,2012-07-26 13:30:00,6.2866038,6.34160325,6.2766039000000005,6.31077023,6.3096591266666655,2879520,1181112.4,61.12793715129055,2012-07-26,8.5
6282,2012-07-26 14:30:00,6.31243688,6.32410343,6.219937799999999,6.24160425,6.298428921481693,884820,1199597.8,56.27007626140978,2012-07-26,9.5
6283,2012-07-26 15:30:00,6.24493755,6.25493745,6.20326297,6.24743753,6.288549896622349,697224,1202015.8,56.583452161587324,2012-07-26,10.5
6284,2012-07-26 16:30:00,6.23910428,6.30160365,6.233271,6.30077033,6.286532883219504,1127055,1236911.35,59.44497854878127,2012-07-26,11.5
6285,2012-07-26 17:30:00,6.2966037,6.30743693,6.26827065,6.2866038,6.286607309078207,501240,1217411.35,58.34496102294754,2012-07-26,12.5
6286,2012-07-26 18:30:00,6.28493715,6.32077013,6.2699373,6.319786799999999,6.289470773971923,1243154,1241962.75,60.20265991038791,2012-07-26,13.5
6287,2012-07-26 19:30:00,6.31743683,6.36164472,6.31160355,6.31485352,6.295516309163612,1309623,1225971.65,59.77584624990681,2012-07-26,14.5
6323,2012-08-03 13:30:00,6.646600200000001,6.76576568,6.63743363,6.76576568,6.7229883300000015,3752809,1993354.6,65.82609834732953,2012-08-03,8.5
6324,2012-08-03 14:30:00,6.76243238,6.7732656,6.72243278,6.75743243,6.729649902474934,1168550,2017694.85,65.18453214627482,2012-08-03,9.5
6325,2012-08-03 15:30:00,6.75909908,6.79493205,6.75909908,6.7899321,6.7379560331853785,942636,2041414.05,66.55365145974291,2012-08-03,10.5
6326,2012-08-03 16:30:00,6.7899321,6.79159875,6.76409903,6.76743233,6.740981998115872,531349,2043639.5,64.65792939615895,2012-08-03,11.5
6327,2012-08-03 17:30:00,6.76826565,6.7832655,6.75809909,6.77743223,6.745059346136447,935533,2067565.15,65.13328224890299,2012-08-03,12.5
6328,2012-08-03 18:30:00,6.77576558,6.78076553,6.74999083,6.75159915,6.746468905699005,721788,2046496.0,62.78398376341408,2012-08-03,13.5
6329,2012-08-03 19:30:00,6.75159915,6.75826575,6.71409953,6.753265799999999,6.745585050995289,1919455,1528869.45,62.87701547692447,2012-08-03,14.5
7031,2013-01-02 14:30:00,7.72242278,7.79158875,7.6932564,7.75158915,7.745478100000001,5790371,1689746.5,76.51087779494294,2013-01-02,9.5
7032,2013-01-02 15:30:00,7.74492255,7.74908918,7.67742323,7.7032563,7.739675811878855,1129214,1691877.2,73.19946622090835,2013-01-02,10.5
7033,2013-01-02 16:30:00,7.699922999999999,7.70825625,7.66259837,7.68242318,7.733233727699401,913308,1667136.0,71.75782940247609,2013-01-02,11.5
7034,2013-01-02 17:30:00,7.69242308,7.69825635,7.66742333,7.69825635,7.729744951084838,654289,1671721.2,72.20585163456383,2013-01-02,12.5
7035,2013-01-02 18:30:00,7.6932564,7.7232561,7.673256599999999,7.71242288,7.727303615223048,851798,1595625.9,72.6243048824711,2013-01-02,13.5
7036,2013-01-02 19:30:00,7.71225621,7.75825575,7.68492315,7.74991417,7.727722850118879,1183501,1598369.7,73.75063066793615,2013-01-02,14.5
7037,2013-01-02 20:30:00,7.74908918,7.85408813,7.74492255,7.85408813,7.743244506819821,2193622,1645542.1,76.62807439700745,2013-01-02,15.5
10490,2014-12-18 14:30:00,21.41,21.5775,21.2325,21.439975,21.416658333333334,3114684,1183480.0,65.37485542158234,2014-12-18,9.5
10491,2014-12-18 15:30:00,21.44525,21.455,21.1475,21.2925,21.381203829258894,1332556,1176186.0,62.65437700163425,2014-12-18,10.5
10492,2014-12-18 16:30:00,21.3225,21.5225,21.2625,21.473825,21.386712208836038,744680,1173973.6,64.60468963214421,2014-12-18,11.5
10493,2014-12-18 17:30:00,21.4825,21.6375,21.460875,21.620725,21.408291107582873,680068,1186768.0,66.14713145483984,2014-12-18,12.5
10494,2014-12-18 18:30:00,21.6194,21.65,21.4775,21.4775,21.419538554063863,572008,1187544.0,63.25295118045579,2014-12-18,13.5
10495,2014-12-18 19:30:00,21.48155,21.7275,21.45,21.6925,21.44288148774272,833584,1192327.4,65.68045748405021,2014-12-18,14.5
10496,2014-12-18 20:30:00,21.7,22.0275,21.7,22.0125,21.51996007050212,1425988,1141834.0,68.96644309101997,2014-12-18,15.5
11454,2015-07-09 13:30:00,22.2875,22.38625,21.943525,21.9575,22.09575833333333,2153588,923429.4,48.671831336190756,2015-07-09,8.5
11455,2015-07-09 14:30:00,21.95975,22.2063,21.9525,22.05875,22.08927387415889,833364,957360.8,50.54621974309407,2015-07-09,9.5
11456,2015-07-09 15:30:00,22.0575,22.085,21.8975,21.91525,22.068180768252248,616092,975996.2,47.87765209124456,2015-07-09,10.5
11457,2015-07-09 16:30:00,21.9075,21.9625,21.7625,21.79,22.035424534119464,598820,985193.4,45.61405694802495,2015-07-09,11.5
11458,2015-07-09 17:30:00,21.7975,21.8875,21.645,21.69975,21.99691094030492,640076,997390.6,43.99980678951518,2015-07-09,12.5
11459,2015-07-09 18:30:00,21.699125,21.89625,21.62,21.78275,21.961886806551036,867204,1012851.6,45.896145493388694,2015-07-09,13.5
11460,2015-07-09 19:30:00,21.7875,21.825,21.6175,21.6225,21.93753537460393,557884,988664.2,42.87718598700988,2015-07-09,14.5
11461,2015-07-10 13:30:00,22.43,22.435,22.215,22.2625,22.304166666666664,2356988,1032208.0,55.47401487962301,2015-07-10,8.5
11462,2015-07-10 14:30:00,22.26825,22.4175,22.12,22.37025,22.303808876852045,688108,1014972.6,57.18584628108037,2015-07-10,9.5
11463,2015-07-10 15:30:00,22.38,22.5125,22.305,22.475,22.35649843099196,2158404,1057760.8,58.8424491585867,2015-07-10,10.5
11464,2015-07-10 16:30:00,22.46,22.4625,22.3375,22.4025,22.36082930611055,563336,1060686.6,57.192986527381144,2015-07-10,11.5
11465,2015-07-10 17:30:00,22.385,22.4875,22.31,22.454975,22.364678896034835,420352,1008607.0,58.10831855088106,2015-07-10,12.5
11466,2015-07-10 18:30:00,22.4625,22.58,22.4475,22.5075,22.37959243502697,698644,1002405.4,59.05214720446757,2015-07-10,13.5
11467,2015-07-10 19:30:00,22.495,22.52,22.415,22.420025,22.384866640316524,543604,961209.4,56.758640959557454,2015-07-10,14.5
11685,2015-08-25 13:30:00,18.53,18.53,17.75045,17.8375,18.039316666666668,4162524,2320835.0,35.05492273658115,2015-08-25,8.5
11686,2015-08-25 14:30:00,17.845,18.3225,17.7475,18.1475,18.04789165895836,1450468,2342995.8,38.276445786926615,2015-08-25,9.5
11687,2015-08-25 15:30:00,18.155,18.167475,17.9325,18.0325,18.047552245491328,561336,2292238.8,37.53266452629314,2015-08-25,10.5
11688,2015-08-25 16:30:00,18.027475,18.08,17.45,17.4625,17.995901314934127,961340,2277003.6,34.00550902259286,2015-08-25,11.5
11689,2015-08-25 17:30:00,17.460275,17.6925,17.40475,17.5775,17.94891566962893,858212,2235422.0,35.3260511395045,2015-08-25,12.5
11690,2015-08-25 18:30:00,17.5775,17.825,17.12,17.145,17.88413467216038,994336,2189765.2,32.6777369874041,2015-08-25,13.5
11691,2015-08-25 19:30:00,17.136775,17.19185,16.1325,16.17,17.54098006268651,2957576,2147727.0,27.64607874044175,2015-08-25,14.5
11692,2015-08-26 13:30:00,17.465,17.545,16.702525,17.023175,17.090233333333334,3026440,2157582.0,36.81450403280156,2015-08-26,8.5
11693,2015-08-26 14:30:00,17.01535,17.24,16.7775,16.8625,17.058887883197514,959320,2090238.8,35.89208918160449,2015-08-26,9.5
11694,2015-08-26 15:30:00,16.905,16.9616,16.575,16.625,16.986555419649207,1083744,2053219.8,34.51544775916737,2015-08-26,10.5
11695,2015-08-26 16:30:00,16.6375,17.0525,16.485025,17.042525,16.964028550075323,1097952,2013088.2,38.94868213537728,2015-08-26,11.5
11696,2015-08-26 17:30:00,17.0425,17.255,16.945,17.055,16.982886620876975,1138992,1937124.2,39.081383263890906,2015-08-26,12.5
11697,2015-08-26 18:30:00,17.045,17.94,17.0225,17.7316,17.159934244825088,3195896,1976690.6,45.944138204844464,2015-08-26,13.5
11698,2015-08-26 19:30:00,17.725,18.145,17.725,18.085,17.334340670913118,2815108,1836109.0,49.16540754486293,2015-08-26,14.5
11699,2015-08-27 13:30:00,18.7975,18.949975,18.5925,18.81625,18.786241666666665,2969020,1902472.4,55.1244689632746,2015-08-27,8.5
11700,2015-08-27 14:30:00,18.815,19.18,18.707,19.06,18.846952952146076,1331456,1847686.4,56.93660264787031,2015-08-27,9.5
11701,2015-08-27 15:30:00,19.060025,19.305,18.92625,19.25625,18.904877363466586,966928,1806864.0,58.39337874311758,2015-08-27,10.5
11702,2015-08-27 16:30:00,19.266075,19.430999999999997,19.1925,19.33425,18.97306312595653,1037480,1783727.4,58.987224015950545,2015-08-27,11.5
11703,2015-08-27 17:30:00,19.3425,19.383825,18.87,18.95,18.9845621236712,869516,1721621.2,54.835072143595895,2015-08-27,12.5
11704,2015-08-27 18:30:00,18.952,19.0925,18.265,18.8675,18.933993963125342,1886348,1716199.6,53.956885354101416,2015-08-27,13.5
11705,2015-08-27 19:30:00,18.8725,19.4125,18.755,19.4125,18.965634898831,1259080,1571027.4,58.66623254501207,2015-08-27,14.5
11727,2015-09-02 13:30:00,18.0225,18.025,17.5525,17.555,17.710833333333333,1503476,1181190.6,37.54535926940222,2015-09-02,8.5
11728,2015-09-02 14:30:00,17.5477,17.75,17.41,17.6825,17.673557496891576,943636,1185350.4,40.10266988639464,2015-09-02,9.5
11729,2015-09-02 15:30:00,17.6875,17.705,17.43125,17.5725,17.653578925296443,582052,1191330.4,38.63291983549411,2015-09-02,10.5
11730,2015-09-02 16:30:00,17.55775,17.91455,17.55775,17.91285,17.679781291985634,688576,1201610.2,45.31149750809437,2015-09-02,11.5
11731,2015-09-02 17:30:00,17.92375,17.965,17.7275,17.8925,17.725617483750078,1252540,1247234.2,44.99618041615729,2015-09-02,12.5
11732,2015-09-02 18:30:00,17.8875,17.913425,17.6725,17.849975,17.739457126636413,948660,1223396.0,44.30238599108332,2015-09-02,13.5
11733,2015-09-02 19:30:00,17.8575,18.22,17.829225,18.22,17.798683512771028,1204424,1189858.6,51.333960584116056,2015-09-02,14.5
11748,2015-09-08 13:30:00,18.3225,18.512525,18.1825,18.2875,18.327508333333334,2026832,1120326.8,55.803212918228255,2015-09-08,8.5
11749,2015-09-08 14:30:00,18.295,18.325,18.11825,18.2675,18.29843560169792,957844,1139116.4,55.42122760098589,2015-09-08,9.5
11750,2015-09-08 15:30:00,18.26,18.4125,18.157225,18.41125,18.30251001965297,496732,1129524.2,57.66436602175929,2015-09-08,10.5
11751,2015-09-08 16:30:00,18.4175,18.43,18.205025,18.255,18.30168141364921,576204,1095707.4,54.45679066275259,2015-09-08,11.5
11752,2015-09-08 17:30:00,18.245,18.529975,18.21,18.5125,18.3203544230703,780008,1087274.8,58.548900587626456,2015-09-08,12.5
11753,2015-09-08 18:30:00,18.5125,18.645,18.5075,18.625,18.353605708285553,673340,1060720.6,60.23017020589055,2015-09-08,13.5
11754,2015-09-08 19:30:00,18.6325,18.77,18.5975,18.7425,18.405642875051047,963332,997573.8,61.96537400077778,2015-09-08,14.5
11860,2015-09-30 13:30:00,16.9525,17.185,16.895,17.17715,17.085716666666666,3625172,1634929.8,53.24831720678239,2015-09-30,8.5
11861,2015-09-30 14:30:00,17.17,17.2175,17.02,17.10495,17.093267018458608,1310700,1663862.6,52.043253548311604,2015-09-30,9.5
11862,2015-09-30 15:30:00,17.0975,17.1325,16.7925,16.87,17.0620084691267,1183720,1689015.0,48.21901176209448,2015-09-30,10.5
11863,2015-09-30 16:30:00,16.8525,16.945,16.6925,16.92375,17.024284046090308,1353736,1706954.4,49.13977273353546,2015-09-30,11.5
11864,2015-09-30 17:30:00,16.9225,17.09,16.8675,17.0725,17.023077644750487,689408,1614721.2,51.6994870638535,2015-09-30,12.5
11865,2015-09-30 18:30:00,17.0875,17.1725,16.945,17.1425,17.030728129564007,1116384,1621964.6,52.90079009844872,2015-09-30,13.5
11866,2015-09-30 19:30:00,17.1425,17.3125,17.1275,17.2675,17.073025201805425,2410688,1592042.8,55.05070075869434,2015-09-30,14.5
12401,2016-01-22 14:30:00,16.505,16.70675,16.3825,16.6075,16.565583333333333,3566236,2824196.0,58.085275483435744,2016-01-22,9.5
12402,2016-01-22 15:30:00,16.635,16.6825,16.3575,16.5,16.54870610373967,1701540,2813158.8,56.61577738010403,2016-01-22,10.5
12403,2016-01-22 16:30:00,16.5025,16.5075,16.29,16.4575,16.514672120502574,1860968,2859528.4,56.01245046730603,2016-01-22,11.5
12404,2016-01-22 17:30:00,16.45,16.6125,16.4275,16.551375,16.51676719195099,1090868,2846400.8,57.099924714824354,2016-01-22,12.5
12405,2016-01-22 18:30:00,16.5575,16.755025,16.547525,16.635,16.531719199230015,1076832,2822125.2,58.09381445628615,2016-01-22,13.5
12406,2016-01-22 19:30:00,16.627525,16.6625,16.5,16.612525,16.539088096281304,1302692,2815714.6,57.706863542085294,2016-01-22,14.5
12407,2016-01-22 20:30:00,16.61,16.7175,16.54,16.6925,16.553646702698707,1601488,2628299.0,58.75952535979931,2016-01-22,15.5
13808,2016-11-07 14:30:00,22.5625,22.69,22.5075,22.675,22.62416666666667,1552392,742141.4,61.78153945314278,2016-11-07,9.5
13809,2016-11-07 15:30:00,22.6812,22.9,22.6784,22.8625,22.690554035068928,837340,771173.8,64.91747064996004,2016-11-07,10.5
13810,2016-11-07 16:30:00,22.8625,23.0025,22.86,22.975,22.746184586044738,665880,784091.0,66.68385038475377,2016-11-07,11.5
13811,2016-11-07 17:30:00,22.9875,22.9925,22.925,22.9475,22.762773290826434,263692,730439.8,65.81156172207574,2016-11-07,12.5
13812,2016-11-07 18:30:00,22.955,23.015,22.955,22.9925,22.78714150905218,403704,704637.2,66.58190752241829,2016-11-07,13.5
13813,2016-11-07 19:30:00,22.991,23.00025,22.85,22.905,22.80856656934449,726132,708051.2,63.58191426741565,2016-11-07,14.5
13814,2016-11-07 20:30:00,22.9,23.095,22.845275,23.0675,22.848930983264577,1168724,714754.8,66.59241745183394,2016-11-07,15.5
16226,2018-03-26 13:30:00,40.83,41.29,40.48,40.501,40.757,1491242,1215003.65,33.16194353357723,2018-03-26,8.5
16227,2018-03-26 14:30:00,40.5,40.64,39.580999999999996,39.93,40.38781712090502,1631311,1275916.55,30.656983950176524,2018-03-26,9.5
16228,2018-03-26 15:30:00,39.93,40.77,39.82,40.62,40.391654827755,1026111,1309049.6,36.863383330755575,2018-03-26,10.5
16229,2018-03-26 16:30:00,40.6201,41.01,40.4,40.75,40.448209569758966,863263,1298886.95,37.98949435303082,2018-03-26,11.5
16230,2018-03-26 17:30:00,40.75,41.44,40.54,41.4251,40.56968711795356,1076927,1290794.45,43.61395610785514,2018-03-26,12.5
16231,2018-03-26 18:30:00,41.43,41.92,41.29,41.9,40.74594963052008,1121010,1319262.65,47.23926703869229,2018-03-26,13.5
16232,2018-03-26 19:30:00,41.91,42.318999999999996,41.85,42.1917,40.95088923903285,1263603,1299376.95,49.391627233907634,2018-03-26,14.5
16296,2018-04-10 13:30:00,41.38,41.66,40.931,41.58,41.39033333333333,1640593,1088944.1,55.740889046583604,2018-04-10,8.5
16297,2018-04-10 14:30:00,41.5742,41.97,41.5742,41.7809,41.53359235747184,973446,1090574.3,56.81931564272154,2018-04-10,9.5
16298,2018-04-10 15:30:00,41.7817,42.07,40.79,41.1,41.45370129629133,1561977,1136773.5,52.178762409272615,2018-04-10,10.5
16299,2018-04-10 16:30:00,41.051,41.7099,41.05,41.65,41.45630177480409,794711,1140669.45,55.35088971450447,2018-04-10,11.5
16300,2018-04-10 17:30:00,41.678999999999995,42.028999999999996,41.28,41.6918,41.48365493287879,741850,1139031.35,55.591985395154325,2018-04-10,12.5
16301,2018-04-10 18:30:00,41.71,42.192,41.351000000000006,41.989,41.52527088172271,745882,1143207.6,57.355179472377216,2018-04-10,13.5
16302,2018-04-10 19:30:00,41.99,42.0,41.69,41.7867,41.54617964124178,483338,1097250.05,55.733057920431754,2018-04-10,14.5
17206,2018-10-12 13:30:00,46.61,46.7,45.7,45.72,46.04,2065635,1302416.25,30.2877235340745,2018-10-12,8.5
17207,2018-10-12 14:30:00,45.72,46.47,45.72,45.945,46.04117175971898,632256,1322187.35,32.13476127624905,2018-10-12,9.5
17208,2018-10-12 15:30:00,45.91,46.07,44.95,45.12,45.88731935218546,818177,1340700.55,29.091186010983858,2018-10-12,10.5
17209,2018-10-12 16:30:00,45.0959,45.52,44.37,45.11,45.667782074299716,1155928,1380191.9,29.055263678856893,2018-10-12,11.5
17210,2018-10-12 17:30:00,45.08,45.37,44.52,45.175,45.56927705502369,840406,1408868.75,29.663235601130356,2018-10-12,12.5
17211,2018-10-12 18:30:00,45.19,46.1,44.69,46.03,45.57489874818971,975482,1437093.95,37.277440469551074,2018-10-12,13.5
17212,2018-10-12 19:30:00,46.03,46.6499,45.79,46.17,45.661370103891976,1035219,1424930.2,38.45233891603664,2018-10-12,14.5
17283,2018-10-29 13:30:00,42.16,42.81,41.9,42.6101,42.440033333333346,988114,1162034.55,50.39726256855078,2018-10-29,8.5
17284,2018-10-29 14:30:00,42.59,42.6699,41.7055,41.9799,42.26958520483848,1114258,1171940.6,47.24793899138051,2018-10-29,9.5
17285,2018-10-29 15:30:00,42.0,42.229,40.95,41.1799,42.047353124485376,786045,1170880.0,43.529266291296004,2018-10-29,10.5
17286,2018-10-29 16:30:00,41.16,41.74,40.98,41.25,41.900539985750655,734672,1152190.8,43.94558661541931,2018-10-29,11.5
17287,2018-10-29 17:30:00,41.2492,41.72,40.53,40.5404,41.676788903365264,1085735,1120731.3,40.676488821624226,2018-10-29,12.5
17288,2018-10-29 18:30:00,40.535,40.8,39.05,39.28,41.15233693864769,1712188,1114190.85,35.60941780896742,2018-10-29,13.5
17289,2018-10-29 19:30:00,39.23,39.9,38.07,39.9,40.73127421192723,1875874,1115356.95,39.59553922610015,2018-10-29,14.5
17451,2018-12-03 14:30:00,47.05,47.11,46.2301,46.6973,46.67913333333333,1849846,663909.9,81.47064183550424,2018-12-03,9.5
17452,2018-12-03 15:30:00,46.6895,46.72,45.8201,46.06,46.520261263576025,917749,651664.7,72.05060475111844,2018-12-03,10.5
17453,2018-12-03 16:30:00,46.0899,46.21,45.6849,46.19,46.424512080628965,668821,643917.25,72.74293713739965,2018-12-03,11.5
17454,2018-12-03 17:30:00,46.2,46.4999,46.07,46.44,46.410200968630505,668486,645968.85,74.07301069812951,2018-12-03,12.5
17455,2018-12-03 18:30:00,46.418,46.418,45.76,46.2873,46.3829048557089,491859,651619.7,71.76934580372514,2018-12-03,13.5
17456,2018-12-03 19:30:00,46.29,46.56,46.03,46.47,46.38030693458924,442730,643807.75,72.85702530241984,2018-12-03,14.5
17457,2018-12-03 20:30:00,46.4899,46.6399,46.21,46.52,46.38820207828597,581423,638530.2,73.1617796119484,2018-12-03,15.5
17486,2018-12-11 14:30:00,40.6628,40.7552,40.1751,40.6057,40.51200000000001,1864167,1247304.6,52.803439907686865,2018-12-11,9.5
17487,2018-12-11 15:30:00,40.63,40.7,39.6401,39.7575,40.348617682381786,963578,1226788.8,47.71972602250014,2018-12-11,10.5
17488,2018-12-11 16:30:00,39.73,39.87,38.86,39.1,40.03229131002097,1183776,1242016.1,44.16974562499141,2018-12-11,11.5
17489,2018-12-11 17:30:00,39.07,39.36,38.93,39.1199,39.94332901771049,442390,1208231.5,44.30479352469696,2018-12-11,12.5
17490,2018-12-11 18:30:00,39.05,39.33,38.37,39.28,39.78182957964285,912248,1194905.25,45.448070050224885,2018-12-11,13.5
17491,2018-12-11 19:30:00,39.32,40.09,39.18,39.67,39.76336240625706,849198,1170186.45,48.235618690662186,2018-12-11,14.5
17492,2018-12-11 20:30:00,39.6799,39.99,39.0232,39.1,39.73563831059014,472651,1094122.8,44.644917304736026,2018-12-11,15.5
17493,2018-12-12 14:30:00,40.55,40.84,40.12,40.5977,40.51923333333335,1971083,1129674.65,54.2762783942503,2018-12-12,9.5
17494,2018-12-12 15:30:00,40.58,41.0189,40.27,40.79,40.57754126234346,995706,1141469.05,55.35048071591184,2018-12-12,10.5
17495,2018-12-12 16:30:00,40.84,41.09,40.58,40.98,40.64057886233184,770405,1119615.7,56.43940410720814,2018-12-12,11.5
17496,2018-12-12 17:30:00,40.99,41.2299,40.76,41.168,40.68372683644033,437109,1091742.05,57.542773894636596,2018-12-12,12.5
17497,2018-12-12 18:30:00,41.17,41.17,40.13,40.23,40.65659431732462,772604,1061492.4,50.64940812923999,2018-12-12,13.5
17498,2018-12-12 19:30:00,40.1788,40.56,39.89,40.11,40.58785253856705,847635,1032408.5,49.827035458484936,2018-12-12,14.5
17499,2018-12-12 20:30:00,40.12,40.5,39.64,39.69,40.53440175531917,524005,979003.55,46.953509772066624,2018-12-12,15.5
17598,2019-01-04 14:30:00,31.8,33.07,31.641,33.0699,32.59363333333334,2759227,1419400.85,57.895707763346,2019-01-04,9.5
17599,2019-01-04 15:30:00,33.063,33.4099,32.74,32.9499,32.80105736357256,2464716,1493212.15,57.063613633328345,2019-01-04,10.5
17600,2019-01-04 16:30:00,32.9323,33.5,32.81,33.42,32.89868012929629,1479678,1519964.4,59.51820680247853,2019-01-04,11.5
17601,2019-01-04 17:30:00,33.4169,33.86,33.31,33.67,33.02434692220501,1430292,1543186.4,60.80159164216039,2019-01-04,12.5
17602,2019-01-04 18:30:00,33.7,33.82,33.27,33.6,33.11316506439117,1604820,1562247.4,60.22585633782725,2019-01-04,13.5
17603,2019-01-04 19:30:00,33.59,33.75,33.25,33.37,33.15538047317413,1364565,1548485.2,58.273350323362074,2019-01-04,14.5
17604,2019-01-04 20:30:00,33.36,33.7,33.31,33.62,33.19478333368532,1255205,1498264.35,59.79896035959131,2019-01-04,15.5
19495,2020-02-04 14:30:00,69.35,69.98,69.125,69.9742,69.69306666666667,1105492,756482.15,62.328033178351575,2020-02-04,9.5
19496,2020-02-04 15:30:00,69.98,70.25,69.8399,70.16,69.83551517189672,635534,771847.8,63.05633625125987,2020-02-04,10.5
19497,2020-02-04 16:30:00,70.17,70.47,70.14,70.43,69.93491799878902,420312,771016.3,64.14124155904568,2020-02-04,11.5
19498,2020-02-04 17:30:00,70.43,70.43,69.99,70.11,69.95309243439904,175696,769435.25,61.82395597509339,2020-02-04,12.5
19499,2020-02-04 18:30:00,70.11,70.46,70.11,70.2891,69.98879708187884,280415,734840.8,62.63755015587738,2020-02-04,13.5
19500,2020-02-04 19:30:00,70.25,70.55,70.19,70.41,70.01835226954238,211954,719678.05,63.207571042313155,2020-02-04,14.5
19501,2020-02-04 20:30:00,70.3998,70.45,69.8347,69.99,70.02856409128849,458606,686737.15,59.79465606509975,2020-02-04,15.5
19635,2020-03-04 14:30:00,54.74,55.32,53.27,55.0,54.53,2698501,1972738.1,52.28302099657496,2020-03-04,9.5
19636,2020-03-04 15:30:00,55.06,55.09,53.6238,54.74,54.51938384738847,823592,1874679.85,51.65647370862374,2020-03-04,10.5
19637,2020-03-04 16:30:00,54.74,55.0499,53.8,54.95,54.5340848959101,785930,1829564.05,52.155195784320355,2020-03-04,11.5
19638,2020-03-04 17:30:00,55.0,56.39,54.6,56.1496,54.81149180583294,1325346,1824126.7,55.0103818757901,2020-03-04,12.5
19639,2020-03-04 18:30:00,56.2,56.64,55.77,56.49,55.00031372372568,818431,1756597.1,55.816133397402325,2020-03-04,13.5
19640,2020-03-04 19:30:00,56.54,57.2757,55.99,57.26,55.219085772985714,869769,1707363.15,57.66324139622721,2020-03-04,14.5
19641,2020-03-04 20:30:00,57.3,58.28,57.0542,58.19,55.775542180595686,1972127,1624269.15,59.84661301715155,2020-03-04,15.5
19663,2020-03-10 13:30:00,42.39,42.62,40.8368,41.4,41.61893333333333,3194965,1953481.1,38.57288435120544,2020-03-10,8.5
19664,2020-03-10 14:30:00,41.4181,41.45,38.35,38.35,40.47666619224941,3337962,2050586.2,34.00568410203977,2020-03-10,9.5
19665,2020-03-10 15:30:00,38.355,40.5642,37.75,39.45,40.03269656242917,3728224,2155628.65,36.90720200966671,2020-03-10,10.5
19666,2020-03-10 16:30:00,39.45,40.8284,38.6701,40.17,40.01117194828985,1815269,2176594.9,38.80376775699615,2020-03-10,11.5
19667,2020-03-10 17:30:00,40.2362,40.58,38.85,39.96,39.98101997925074,1975163,2211927.0,38.44081327466064,2020-03-10,12.5
19668,2020-03-10 18:30:00,39.9983,43.2099,39.87,42.26,40.347309056734865,3592583,2324593.65,44.55747538174934,2020-03-10,13.5
19669,2020-03-10 19:30:00,42.2436,44.0,41.8,43.98,40.65863341655121,2111605,2261623.75,48.665352948385824,2020-03-10,14.5
19684,2020-03-13 13:30:00,31.71,31.98,29.1,30.3874,30.48913333333333,7017325,3509829.6,37.69547988057021,2020-03-13,8.5
19685,2020-03-13 14:30:00,30.4299,30.56,28.09,28.105,30.02777206643217,2918162,3469326.5,34.3679121360027,2020-03-13,9.5
19686,2020-03-13 15:30:00,28.1301,28.66,27.2,28.04,29.42344095204071,4121657,3584645.9,34.27511750201907,2020-03-13,10.5
19687,2020-03-13 16:30:00,28.01,30.212,28.0,30.1364,29.428669214122426,3533819,3662578.7,39.910385910134295,2020-03-13,11.5
19688,2020-03-13 17:30:00,30.1217,30.63,29.0938,29.19,29.45380253941907,2401116,3603005.35,38.31333059325613,2020-03-13,12.5
19689,2020-03-13 18:30:00,29.18,30.45,28.53,30.2465,29.49227097429741,3077540,3651302.1,41.14471572184553,2020-03-13,13.5
19690,2020-03-13 19:30:00,30.25,34.16,28.32,34.11,29.98614416117972,5154196,3768467.0,50.15476859213489,2020-03-13,14.5
19698,2020-03-17 13:30:00,23.72,24.3999,21.48,23.364,23.0813,8588681,4820978.35,37.320605473364616,2020-03-17,8.5
19699,2020-03-17 14:30:00,23.37,25.25,22.8821,24.7,23.58656120483048,6281837,4960326.2,40.38637608018686,2020-03-17,9.5
19700,2020-03-17 15:30:00,24.6671,26.74,24.2901,25.1596,24.196640403417085,7560626,5007183.9,41.447385886589494,2020-03-17,10.5
19701,2020-03-17 16:30:00,25.15,25.5,23.6,24.155,24.23076334679059,4080699,5058170.3,39.78073545320419,2020-03-17,11.5
19702,2020-03-17 17:30:00,24.2499,26.0,23.91,25.75,24.37355716951837,4472514,5141201.55,43.65471356834954,2020-03-17,12.5
19703,2020-03-17 18:30:00,25.79,26.35,24.2,24.4101,24.44174392482957,3876868,5102681.3,41.25377110085471,2020-03-17,13.5
19704,2020-03-17 19:30:00,24.43,26.2,24.35,26.19,24.54956306462564,3647683,4934199.2,45.53872646654721,2020-03-17,14.5
19719,2020-03-20 13:30:00,23.0,23.24,21.28,22.72,22.41333333333333,8157912,6476581.65,45.755004996778496,2020-03-20,8.5
19720,2020-03-20 14:30:00,22.73,23.43,21.54,21.91,22.36670785495959,5183905,6357745.6,43.469979941021776,2020-03-20,9.5
19721,2020-03-20 15:30:00,21.9075,22.3,20.62,20.8601,22.084381714818726,4569359,6382178.6,40.63713354991995,2020-03-20,10.5
19722,2020-03-20 16:30:00,20.89,22.09,20.8,21.42,21.975523829755826,3618348,6339470.3,42.77873311573853,2020-03-20,11.5
19723,2020-03-20 17:30:00,21.49,21.87,20.55,20.775,21.865874048330227,2947664,6293010.1,40.94612282090589,2020-03-20,12.5
19724,2020-03-20 18:30:00,20.7869,21.01,19.5,20.44,21.549173728167982,6289565,6425104.2,39.987955878880456,2020-03-20,13.5
19725,2020-03-20 19:30:00,20.46,20.81,19.01,19.13,21.27197431564795,5258114,6263043.75,36.400798124010656,2020-03-20,14.5
19733,2020-03-24 13:30:00,20.48,21.4,20.18,21.225,20.935,13385545,6480376.3,51.58357867562766,2020-03-24,8.5
19734,2020-03-24 14:30:00,21.21,21.39,20.69,21.23,20.981798121906444,5154213,6307490.05,51.60044449638295,2020-03-24,9.5
19735,2020-03-24 15:30:00,21.23,22.17,21.04,22.1501,21.153515359058208,5027911,6336616.85,54.725906799286115,2020-03-24,10.5
19736,2020-03-24 16:30:00,22.15,22.33,21.13,21.5009,21.262033151654855,6530925,6452989.5,52.166199798719646,2020-03-24,11.5
19737,2020-03-24 17:30:00,21.5,21.68,20.45,21.0163,21.230566271304586,5209631,6410451.35,50.27583272434167,2020-03-24,12.5
19738,2020-03-24 18:30:00,21.0001,22.1,20.82,21.9601,21.285994848229453,5744218,6470163.0,53.78813350710594,2020-03-24,13.5
19739,2020-03-24 19:30:00,21.985,22.59,21.75,22.43,21.40762693604624,5881108,6356322.8,55.47446699351633,2020-03-24,14.5
19747,2020-03-26 13:30:00,24.12,26.37,23.98,25.78,25.37666666666667,12070310,7348259.85,62.49350613315382,2020-03-26,8.5
19748,2020-03-26 14:30:00,25.81,26.44,25.34,26.3575,25.602210659759077,6136715,7208599.0,64.10945697607437,2020-03-26,9.5
19749,2020-03-26 15:30:00,26.3501,26.78,26.07,26.57,25.809213864334325,5675052,7022457.3,64.71193491996476,2020-03-26,10.5
19750,2020-03-26 16:30:00,26.5899,26.88,25.78,25.98,25.879054625842546,4989676,6940840.2,61.61911699047821,2020-03-26,11.5
19751,2020-03-26 17:30:00,25.95,26.45,25.6,26.23,25.90569305346796,4098790,6899118.4,62.43831283464353,2020-03-26,12.5
19752,2020-03-26 18:30:00,26.25,26.83,26.2,26.6865,25.979103079269127,4081128,6777504.85,63.95134212353423,2020-03-26,13.5
19753,2020-03-26 19:30:00,26.69,27.8533,26.0701,27.42,26.16207657189355,7118379,6464146.55,66.30028518257386,2020-03-26,14.5
19796,2020-04-06 13:30:00,25.81,26.63,25.49,26.32,26.146666666666665,9560254,5513215.6,65.0479865049966,2020-04-06,8.5
19797,2020-04-06 14:30:00,26.3295,26.4785,26.05,26.46,26.208882814793,4931322,5489421.0,65.64974939275903,2020-04-06,9.5
19798,2020-04-06 15:30:00,26.47,27.1,26.34,27.005,26.355150396508638,4609437,5470109.5,67.96218297354217,2020-04-06,10.5
19799,2020-04-06 16:30:00,26.995,27.1,26.82,26.97,26.439755439142925,3086536,5404066.55,67.64723008082342,2020-04-06,11.5
19800,2020-04-06 17:30:00,26.9797,27.23,26.77,26.87,26.518609084831,3993925,5390634.05,66.69619620561565,2020-04-06,12.5
19801,2020-04-06 18:30:00,26.88,27.28,26.8,27.235,26.590861661499297,3679319,5319141.8,68.44023932093907,2020-04-06,13.5
19802,2020-04-06 19:30:00,27.235,28.81,27.13,27.78,26.807366349019986,5881015,5213505.35,70.89140643468994,2020-04-06,14.5
19803,2020-04-07 13:30:00,30.7,31.01,29.13,29.26,29.8,12779987,5425846.95,76.27927583304898,2020-04-07,8.5
19804,2020-04-07 14:30:00,29.26,29.76,28.73,29.7367,29.67072828064895,6309826,5513994.15,77.71036568184184,2020-04-07,9.5
19805,2020-04-07 15:30:00,29.738000000000003,30.61,29.69,30.342,29.796043387773924,5723661,5579489.3,79.40909650206187,2020-04-07,10.5
19806,2020-04-07 16:30:00,30.35,30.4,29.82,30.05,29.829656628622494,3203697,5501004.3,76.38479288381187,2020-04-07,11.5
19807,2020-04-07 17:30:00,30.06,30.07,28.91,29.21,29.772433765925165,4266533,5490196.75,68.32347247549431,2020-04-07,12.5
19808,2020-04-07 18:30:00,29.21,29.36,27.98,28.1,29.555960239164452,6495191,5631713.2,59.40213964073672,2020-04-07,13.5
19809,2020-04-07 19:30:00,28.11,29.32,27.75,27.8,29.41411088295392,4893433,5531707.3,57.227209363666105,2020-04-07,14.5
19817,2020-04-09 13:30:00,31.83,32.84,31.57,32.345,32.251666666666665,10598646,5578399.55,76.37904288848513,2020-04-09,8.5
19818,2020-04-09 14:30:00,32.35,32.6679,31.64,32.111999999999995,32.21047821246718,6191069,5657481.15,74.11149966683604,2020-04-09,9.5
19819,2020-04-09 15:30:00,32.11,32.73,31.95,32.4055,32.24035974620629,4130136,5709661.15,75.11375328382793,2020-04-09,10.5
19820,2020-04-09 16:30:00,32.4,32.93,32.32,32.898,32.312060371262994,3713343,5695632.05,76.74096913598919,2020-04-09,11.5
19821,2020-04-09 17:30:00,32.91,33.01,31.77,31.89,32.297204647085344,4953803,5759356.25,67.07422140976612,2020-04-09,12.5
19822,2020-04-09 18:30:00,31.87,32.22,31.095,32.01,32.19186533031059,7476453,5839128.15,67.59750480937763,2020-04-09,13.5
19823,2020-04-09 19:30:00,32.02,32.2599,31.63,32.01,32.172006608013696,3583878,5379322.7,67.59750480937763,2020-04-09,14.5
19831,2020-04-14 13:30:00,32.9466,33.89,32.57,33.63,33.36333333333334,7290622,5207232.0,70.57584738304962,2020-04-14,8.5
19832,2020-04-14 14:30:00,33.6201,33.645,32.6398,32.8799,33.228581940005654,5656440,5244535.95,64.54391459460767,2020-04-14,9.5
19833,2020-04-14 15:30:00,32.87,33.69,32.87,33.5101,33.25771092145154,3809862,5228387.9,67.08890767575818,2020-04-14,10.5
19834,2020-04-14 16:30:00,33.54,33.71,33.37,33.55,33.289407029314106,2091667,5135530.75,67.24919419255926,2020-04-14,11.5
19835,2020-04-14 17:30:00,33.56,34.04,33.56,33.875,33.3633355207974,3018313,5026278.6,68.59104232911164,2020-04-14,12.5
19836,2020-04-14 18:30:00,33.88,33.9701,33.44,33.81,33.41378778755671,3381609,4938901.25,67.99104711502356,2020-04-14,13.5
19837,2020-04-14 19:30:00,33.8001,34.19,33.76,33.9,33.47712705275363,3381928,4578065.35,68.40318030603981,2020-04-14,14.5
19852,2020-04-17 13:30:00,34.36,34.45,33.63,33.79,33.95666666666667,6998252,3927737.65,65.27320668633594,2020-04-17,8.5
19853,2020-04-17 14:30:00,33.785,33.867,33.31,33.41,33.79409521146395,4291726,3951830.85,61.6127445593909,2020-04-17,9.5
19854,2020-04-17 15:30:00,33.41,33.83,33.34,33.63,33.74942241488509,3375363,4016015.65,62.909584665420105,2020-04-17,10.5
19855,2020-04-17 16:30:00,33.64,34.12,33.61,33.8441,33.768875731722005,3199834,4025091.7,64.17790518648097,2020-04-17,11.5
19856,2020-04-17 17:30:00,33.848,34.04,33.64,33.66,33.770179396506876,2371565,3974589.5,62.208043778772534,2020-04-17,12.5
19857,2020-04-17 18:30:00,33.65,34.07,33.38,34.05,33.78030909287819,3866006,3998793.4,64.68120013683938,2020-04-17,13.5
19858,2020-04-17 19:30:00,34.06,34.98,34.059,34.79,33.92412928595319,5056561,3936021.7,68.84704629043665,2020-04-17,14.5
19873,2020-04-22 13:30:00,31.65,31.83,31.18,31.4534,31.4878,5141071,4011946.45,47.10089530461294,2020-04-22,8.5
19874,2020-04-22 14:30:00,31.45,31.7566,31.3101,31.63,31.514032927319022,2617030,3974029.8,48.34135998436239,2020-04-22,9.5
19875,2020-04-22 15:30:00,31.62,31.91,31.61,31.8236,31.566868647512422,1912482,3909662.2,49.73297342491294,2020-04-22,10.5
19876,2020-04-22 16:30:00,31.825,31.96,31.61,31.93,31.606255835444056,1677388,3874953.35,50.521851782527726,2020-04-22,11.5
19877,2020-04-22 17:30:00,31.943,32.0399,31.81,31.95,31.638155150454942,1226491,3742977.6,50.67853981312946,2020-04-22,12.5
19878,2020-04-22 18:30:00,31.95,32.32,31.95,32.185,31.703247501579767,1825304,3581414.75,52.5788185316935,2020-04-22,13.5
19879,2020-04-22 19:30:00,32.19,32.51,31.89,31.94,31.7605313263129,2338064,3455696.75,50.39868310005552,2020-04-22,14.5
19901,2020-04-28 13:30:00,36.11,36.2299,35.19,35.2966,35.57216666666667,6342432,3433222.95,72.8134538002493,2020-04-28,8.5
19902,2020-04-28 14:30:00,35.3,35.3388,34.12,34.73,35.1512418906718,6331645,3579270.4,64.13704670643077,2020-04-28,9.5
19903,2020-04-28 15:30:00,34.72,34.91,34.16,34.41,34.97350334615916,4691405,3476572.4,59.80285330998429,2020-04-28,10.5
19904,2020-04-28 16:30:00,34.41,34.87,34.33,34.77,34.927705487315805,2934273,3400761.75,62.844829382065036,2020-04-28,11.5
19905,2020-04-28 17:30:00,34.78,35.12,34.63,35.03,34.927571617678865,3002948,3387834.75,64.91019549044543,2020-04-28,12.5
19906,2020-04-28 18:30:00,35.0279,35.1041,34.565,34.84,34.91658933732169,3190081,3433611.45,62.18962093307759,2020-04-28,13.5
19907,2020-04-28 19:30:00,34.83,34.89,34.05,34.165,34.871479668150876,2375215,3302031.9,53.595339065482044,2020-04-28,14.5
19908,2020-04-29 13:30:00,36.25,36.45,35.85,36.442,36.247333333333344,5591936,3390295.2,69.10551168677475,2020-04-29,8.5
19909,2020-04-29 14:30:00,36.45,36.76,36.34,36.7,36.37808149696223,3294612,3453074.75,70.31615589419017,2020-04-29,9.5
19910,2020-04-29 15:30:00,36.7,37.01,36.51,36.99,36.47172541359672,2280288,3484193.65,71.66044158511616,2020-04-29,10.5
19911,2020-04-29 16:30:00,36.99,37.34,36.98,37.14,36.59920462693425,2568969,3459262.95,72.35774665264512,2020-04-29,11.5
19912,2020-04-29 17:30:00,37.135,37.17,36.59,36.93,36.65793071566456,3378838,3434714.15,69.76948614391274,2020-04-29,12.5
19913,2020-04-29 18:30:00,36.94,37.44,36.79,37.42,36.75462567034134,3581716,3463213.4,72.26264244346731,2020-04-29,13.5
19914,2020-04-29 19:30:00,37.42,37.45,36.8,36.83,36.78231805965605,2345549,3367531.6,65.28138067531796,2020-04-29,14.5
19950,2020-05-07 13:30:00,34.69,35.1,34.49,34.77,34.78666666666667,3843226,2425695.85,56.33729783375945,2020-05-07,8.5
19951,2020-05-07 14:30:00,34.7701,34.9997,34.5502,34.945,34.802571436685824,2103291,2443778.65,57.8490446818413,2020-05-07,9.5
19952,2020-05-07 15:30:00,34.95,35.39,34.87,35.28,34.89817395927066,2017209,2465440.95,60.65722440854218,2020-05-07,10.5
19953,2020-05-07 16:30:00,35.2799,35.32,35.03,35.102,34.93379258600581,1307934,2472821.55,58.4297566139055,2020-05-07,11.5
19954,2020-05-07 17:30:00,35.12,35.22,34.78,34.876999999999995,34.93692163092452,1314021,2332566.0,55.64796016431329,2020-05-07,12.5
19955,2020-05-07 18:30:00,34.88,34.94,34.47,34.73,34.903825981922026,1839126,2323784.6,53.844316905677786,2020-05-07,13.5
19956,2020-05-07 19:30:00,34.7305,34.763000000000005,34.4745,34.67,34.875604384671725,1462428,2212793.7,53.087978453333704,2020-05-07,14.5
19999,2020-05-18 13:30:00,36.43,36.8101,36.28,36.51,36.533366666666666,4663958,3408788.65,68.30675786538832,2020-05-18,8.5
20000,2020-05-18 14:30:00,36.51,37.308,36.51,37.19,36.70037156574122,2576634,3321243.6,70.9742548890337,2020-05-18,9.5
20001,2020-05-18 15:30:00,37.2,37.27,36.98,37.1001,36.790806961375324,2009266,3290513.95,70.1338273455904,2020-05-18,10.5
20002,2020-05-18 16:30:00,37.11,37.375,36.93,37.375,36.85139489085322,1493397,3264491.2,71.25472419075135,2020-05-18,11.5
20003,2020-05-18 17:30:00,37.3701,37.4384,37.22,37.3388,36.91068046669694,1510293,3210562.9,70.87748838378131,2020-05-18,12.5
20004,2020-05-18 18:30:00,37.33,37.48,37.23,37.3926,36.97055776155037,1848248,3181264.85,71.12218164791899,2020-05-18,13.5
20005,2020-05-18 19:30:00,37.4,37.72,37.1,37.12,37.020454385205404,2402467,2999240.85,68.0043123886619,2020-05-18,14.5
20013,2020-05-20 13:30:00,37.39,38.005,37.28,37.935,37.74,3995667,2473194.6,64.59014650916285,2020-05-20,8.5
20014,2020-05-20 14:30:00,37.94,38.135,37.79,38.0999,37.829528945341,2001039,2452468.15,65.44117786683168,2020-05-20,9.5
20015,2020-05-20 15:30:00,38.1,38.13,37.63,37.77,37.832933255302144,1962932,2433439.65,62.219414097785865,2020-05-20,10.5
20016,2020-05-20 16:30:00,37.78,37.84,37.43,37.51,37.781737176719936,2162919,2430809.5,59.72386451474782,2020-05-20,11.5
20017,2020-05-20 17:30:00,37.5165,37.79,37.38,37.54,37.74396845534541,2197617,2397436.25,59.92360290579877,2020-05-20,12.5
20018,2020-05-20 18:30:00,37.53,37.97,37.5,37.86,37.74891708425835,2197077,2394153.2,62.08360513072733,2020-05-20,13.5
20019,2020-05-20 19:30:00,37.87,37.94,37.555,37.83,37.75172596355212,1752047,2248557.65,61.74760333938674,2020-05-20,14.5
20034,2020-05-26 13:30:00,39.71,39.76,39.07,39.44,39.42333333333333,3406894,2079077.95,71.43536662111114,2020-05-26,8.5
20035,2020-05-26 14:30:00,39.435,39.52,39.07,39.2501,39.37349960861711,1816465,2071754.6,69.08353289769646,2020-05-26,9.5
20036,2020-05-26 15:30:00,39.255,39.2585,38.895,39.06,39.29832093259926,1728716,2050044.45,66.7156359314203,2020-05-26,10.5
20037,2020-05-26 16:30:00,39.07,39.48,39.0652,39.47,39.302852037121184,886143,1984470.75,69.17004829361514,2020-05-26,11.5
20038,2020-05-26 17:30:00,39.4601,39.48,39.32,39.405,39.311389783667686,741283,1911681.05,68.31003344970958,2020-05-26,12.5
20039,2020-05-26 18:30:00,39.41,39.43,39.1366,39.21,39.305296293004155,1125986,1880378.0,65.67203649156265,2020-05-26,13.5
20040,2020-05-26 19:30:00,39.2069,39.2896,38.4414,38.61,39.20361423271607,2331487,1830761.0,58.221698341813024,2020-05-26,14.5
20090,2020-06-05 13:30:00,45.94,46.5199,45.9,46.2599,46.2266,4288456,1758254.7,76.07520624429655,2020-06-05,8.5
20091,2020-06-05 14:30:00,46.275,47.36,46.21,47.3229,46.46665992659024,2068737,1806758.85,79.37418131847784,2020-06-05,9.5
20092,2020-06-05 15:30:00,47.3395,47.61,46.76,47.035,46.65007539327386,2404513,1879232.15,76.30531001324142,2020-06-05,10.5
20093,2020-06-05 16:30:00,47.0398,47.3599,46.95,47.3599,46.73050334266569,1430070,1902372.4,77.36872124103516,2020-06-05,11.5
20094,2020-06-05 17:30:00,47.3598,47.398999999999994,47.0,47.1695,46.79283131807793,1601419,1915616.1,75.23770067386022,2020-06-05,12.5
20095,2020-06-05 18:30:00,47.17,47.31,46.63,47.1201,46.83747233918231,2883750,1967896.55,74.66309107509575,2020-06-05,13.5
20096,2020-06-05 19:30:00,47.1201,47.125,46.4,46.78,46.826311157377866,2825426,1955978.55,70.66191963898478,2020-06-05,14.5
20125,2020-06-12 13:30:00,41.4399,41.765,40.6,40.6002,40.98840000000001,4478603,3049550.3,34.73903442461871,2020-06-12,8.5
20126,2020-06-12 14:30:00,40.61,40.77,38.45,39.1764,40.17743625091767,5101320,3234243.8,30.659081760659703,2020-06-12,9.5
20127,2020-06-12 15:30:00,39.18,40.53,38.97,39.9086,40.072241659038994,3741090,3359168.4,34.893805760531265,2020-06-12,10.5
20128,2020-06-12 16:30:00,39.89,39.94,38.83,38.97,39.93823869095258,2581156,3413050.0,32.18070118843954,2020-06-12,11.5
20129,2020-06-12 17:30:00,38.98,39.12,37.72,38.6799,39.62195353028303,4509575,3524170.15,31.36886417096024,2020-06-12,12.5
20130,2020-06-12 18:30:00,38.7,39.7,38.4,38.91,39.529057725381065,3606767,3599256.2,32.816598618523805,2020-06-12,13.5
20131,2020-06-12 19:30:00,38.91,40.21,38.71,39.89,39.53587368186759,2426771,3549322.7,38.74333002903364,2020-06-12,14.5
20139,2020-06-16 13:30:00,44.39,44.45,43.72,44.34,44.17,5218379,3789907.4,60.78088555125775,2020-06-16,8.5
20140,2020-06-16 14:30:00,44.3695,44.45,41.26,43.22,43.53794098593913,5876491,3876007.8,55.91928345394852,2020-06-16,9.5
20141,2020-06-16 15:30:00,43.22,43.64,42.6587,43.2653,43.471219880027675,2613736,3761034.6,56.072327150339206,2020-06-16,10.5
20142,2020-06-16 16:30:00,43.25,43.8612,43.24,43.68,43.487696025054646,2130052,3699059.4,57.52614176662882,2020-06-16,11.5
20143,2020-06-16 17:30:00,43.66,43.94,43.05,43.54,43.49050840570895,2285310,3599981.05,56.84219802260236,2020-06-16,12.5
20144,2020-06-16 18:30:00,43.53,43.86,42.42,43.025,43.449177649692345,2155550,3535357.55,54.28536833720375,2020-06-16,13.5
20145,2020-06-16 19:30:00,43.0399,43.4,42.66,43.37,43.42082335216232,2072188,3415036.8,55.72222445188827,2020-06-16,14.5
20230,2020-07-06 13:30:00,45.02,45.44,44.66,44.8299,44.97663333333333,2938631,1915376.05,69.02502868251864,2020-07-06,8.5
20231,2020-07-06 14:30:00,44.83,45.33,44.74,45.32,45.02130104523721,1207573,1915153.0,71.35949713958318,2020-07-06,9.5
20232,2020-07-06 15:30:00,45.3199,45.36,44.85,44.9599,45.02890441425136,1136904,1895399.75,67.34347828197477,2020-07-06,10.5
20233,2020-07-06 16:30:00,44.94,45.0899,44.86,45.07,45.02557889588194,927345,1880837.75,67.93761805608686,2020-07-06,11.5
20234,2020-07-06 17:30:00,45.07,45.129,44.67,44.83,45.00315388027234,1098162,1828388.7,65.15486814567933,2020-07-06,12.5
20235,2020-07-06 18:30:00,44.8386,45.0,44.69,44.93,44.98635122827058,1086590,1736076.15,65.78375092365134,2020-07-06,13.5
20236,2020-07-06 19:30:00,44.94,45.32,44.8,45.26,45.005610884341145,1335655,1577424.65,67.8460897047554,2020-07-06,14.5
